adapter_type,model,n_seeds,delta_AUC_mean,delta_AUC_std,delta_AUPRC_mean,delta_AUPRC_std,delta_ACC_mean,delta_ACC_std,delta_F1_mean,delta_F1_std,delta_MCC_mean,delta_MCC_std
dora,ankh,5,0.15254437869822485,0.026589289224423367,0.3319690520391437,0.015249207545465512,0.2741258741258742,0.17530842301668126,0.27010520960899825,0.06364225912633775,0.2836419681757997,0.06460705076269513
dora,esm2,5,0.014881656804733833,0.01936742524094429,0.028012556176606408,0.09571624900890104,-0.005594405594405516,0.025464533504941336,-0.05719001823810403,0.07092219287927073,-0.05677067197404025,0.08038546624856407
dora,protbert,5,0.03991124260355024,0.010640774291295407,0.09650257750436703,0.03451969247446825,0.0713286713286713,0.030449707772135962,0.11640493001860619,0.032410848187654676,0.11611632533589526,0.032930244245429195
dora,prott5,5,0.030000000000000027,0.009273814820724178,0.05702344351410058,0.07434070239619009,0.025874125874125898,0.01935433916517212,0.03952271649429575,0.028478102972456724,0.03914199792728238,0.024875195734852508
lora,ankh,5,0.14605663567202026,0.043937184246518435,0.3263334993120096,0.09167938160679316,0.2812937062937063,0.06312229927880361,0.249459583069285,0.09464562696018144,0.2586933399265816,0.11434741626188148
lora,esm2,5,0.019230769230769208,0.012949322569485154,0.00712481865548753,0.05383773702893717,-0.004195804195804187,0.012391639962705732,-0.03015346158464598,0.02807973582792966,-0.033575186447710424,0.02670842826303988
lora,protbert,5,0.03772189349112418,0.014871095102795481,0.08675197629693962,0.04466747604143132,0.05314685314685312,0.01842229352771952,0.10126752006614688,0.02358011717451771,0.10342283967421369,0.0218699763837818
lora,prott5,5,0.03150887573964498,0.011744481490836555,0.04087101499065189,0.07407115754150706,0.03776223776223784,0.03636363636363639,0.04020038441557795,0.06489644216542083,0.031843424280634594,0.06254941751083626
